variable,group,criterion_theoretical_relevance,criterion_direct_link_to_rq,criterion_data_quality_variation,criterion_non_redundancy,priority,missing_pct,decision,reason
FWBscore,outcome,Yes,"RQ1,RQ3,RQ4",missing=0.08%; unique=77; decision=keep (outcome variable),checked by variable-family design,critical,0.08,keep,outcome variable
SAVEHABIT,behavioral,Yes,"RQ1,RQ2,RQ3,RQ4",missing=0.31%; unique=6; decision=keep (missing <= 15%),checked by variable-family design,high,0.31,keep,missing <= 15%
SCFHORIZON,behavioral,Yes,"RQ1,RQ2,RQ3,RQ4",missing=1.28%; unique=5; decision=keep (missing <= 15%),checked by variable-family design,high,1.28,keep,missing <= 15%
PROPPLAN_1,behavioral,Yes,"RQ1,RQ2,RQ3,RQ4",missing=0.16%; unique=5; decision=keep (missing <= 15%),checked by variable-family design,high,0.16,keep,missing <= 15%
PROPPLAN_2,behavioral,Yes,"RQ1,RQ2,RQ3,RQ4",missing=0.16%; unique=5; decision=keep (missing <= 15%),checked by variable-family design,high,0.16,keep,missing <= 15%
PROPPLAN_3,behavioral,Yes,"RQ1,RQ2,RQ3,RQ4",missing=0.16%; unique=5; decision=keep (missing <= 15%),checked by variable-family design,high,0.16,keep,missing <= 15%
PROPPLAN_4,behavioral,Yes,"RQ1,RQ2,RQ3,RQ4",missing=0.16%; unique=5; decision=keep (missing <= 15%),checked by variable-family design,high,0.16,keep,missing <= 15%
MANAGE1_1,behavioral,Yes,"RQ1,RQ2,RQ3,RQ4",missing=0.19%; unique=5; decision=keep (missing <= 15%),checked by variable-family design,high,0.19,keep,missing <= 15%
MANAGE1_2,behavioral,Yes,"RQ1,RQ2,RQ3,RQ4",missing=0.19%; unique=5; decision=keep (missing <= 15%),checked by variable-family design,high,0.19,keep,missing <= 15%
MANAGE1_3,behavioral,Yes,"RQ1,RQ2,RQ3,RQ4",missing=0.17%; unique=5; decision=keep (missing <= 15%),checked by variable-family design,high,0.17,keep,missing <= 15%
MANAGE1_4,behavioral,Yes,"RQ1,RQ2,RQ3,RQ4",missing=0.17%; unique=5; decision=keep (missing <= 15%),checked by variable-family design,high,0.17,keep,missing <= 15%
ACT1_1,behavioral,Yes,"RQ1,RQ2,RQ3,RQ4",missing=0.38%; unique=5; decision=keep (missing <= 15%),checked by variable-family design,high,0.38,keep,missing <= 15%
ACT1_2,behavioral,Yes,"RQ1,RQ2,RQ3,RQ4",missing=0.28%; unique=5; decision=keep (missing <= 15%),checked by variable-family design,high,0.28,keep,missing <= 15%
FINGOALS,behavioral,Yes,"RQ1,RQ2,RQ3,RQ4",missing=1.19%; unique=2; decision=keep (missing <= 15%),checked by variable-family design,high,1.19,keep,missing <= 15%
GOALCONF,behavioral,Yes,"RQ1,RQ2,RQ3,RQ4",missing=0.44%; unique=4; decision=keep (missing <= 15%),checked by variable-family design,high,0.44,keep,missing <= 15%
DISTRESS,stress_hardship,Yes,"RQ1,RQ2,RQ3,RQ4",missing=0.77%; unique=5; decision=keep (missing <= 15%),checked by variable-family design,high,0.77,keep,missing <= 15%
ABSORBSHOCK,stress_hardship,Yes,"RQ1,RQ2,RQ3,RQ4",missing=0.58%; unique=5; decision=keep (missing <= 15%),checked by variable-family design,high,0.58,keep,missing <= 15%
VOLATILITY,stress_hardship,Yes,"RQ1,RQ2,RQ3,RQ4",missing=1.0%; unique=3; decision=keep (missing <= 15%),checked by variable-family design,high,1.0,keep,missing <= 15%
ENDSMEET,stress_hardship,Yes,"RQ1,RQ2,RQ3,RQ4",missing=0.69%; unique=3; decision=keep (missing <= 15%),checked by variable-family design,high,0.69,keep,missing <= 15%
COVERCOSTS,stress_hardship,Yes,"RQ1,RQ2,RQ3,RQ4",missing=0.91%; unique=4; decision=keep (missing <= 15%),checked by variable-family design,high,0.91,keep,missing <= 15%
MATHARDSHIP_1,stress_hardship,Yes,"RQ1,RQ2,RQ3,RQ4",missing=0.42%; unique=3; decision=keep (missing <= 15%),checked by variable-family design,high,0.42,keep,missing <= 15%
MATHARDSHIP_2,stress_hardship,Yes,"RQ1,RQ2,RQ3,RQ4",missing=0.42%; unique=3; decision=keep (missing <= 15%),checked by variable-family design,high,0.42,keep,missing <= 15%
MATHARDSHIP_3,stress_hardship,Yes,"RQ1,RQ2,RQ3,RQ4",missing=0.41%; unique=3; decision=keep (missing <= 15%),checked by variable-family design,high,0.41,keep,missing <= 15%
MATHARDSHIP_4,stress_hardship,Yes,"RQ1,RQ2,RQ3,RQ4",missing=0.42%; unique=3; decision=keep (missing <= 15%),checked by variable-family design,high,0.42,keep,missing <= 15%
MATHARDSHIP_5,stress_hardship,Yes,"RQ1,RQ2,RQ3,RQ4",missing=0.39%; unique=3; decision=keep (missing <= 15%),checked by variable-family design,high,0.39,keep,missing <= 15%
MATHARDSHIP_6,stress_hardship,Yes,"RQ1,RQ2,RQ3,RQ4",missing=0.44%; unique=3; decision=keep (missing <= 15%),checked by variable-family design,high,0.44,keep,missing <= 15%
SHOCKS_1,major_life_events,Yes,"RQ1,RQ3,RQ4",missing=0.0%; unique=2; decision=keep (missing <= 15%),checked by variable-family design,medium,0.0,keep,missing <= 15%
SHOCKS_2,major_life_events,Yes,"RQ1,RQ3,RQ4",missing=0.0%; unique=2; decision=keep (missing <= 15%),checked by variable-family design,medium,0.0,keep,missing <= 15%
SHOCKS_3,major_life_events,Yes,"RQ1,RQ3,RQ4",missing=0.0%; unique=2; decision=keep (missing <= 15%),checked by variable-family design,medium,0.0,keep,missing <= 15%
SHOCKS_4,major_life_events,Yes,"RQ1,RQ3,RQ4",missing=0.0%; unique=2; decision=keep (missing <= 15%),checked by variable-family design,medium,0.0,keep,missing <= 15%
SHOCKS_5,major_life_events,Yes,"RQ1,RQ3,RQ4",missing=0.0%; unique=2; decision=keep (missing <= 15%),checked by variable-family design,medium,0.0,keep,missing <= 15%
SHOCKS_6,major_life_events,Yes,"RQ1,RQ3,RQ4",missing=0.0%; unique=2; decision=keep (missing <= 15%),checked by variable-family design,medium,0.0,keep,missing <= 15%
SHOCKS_7,major_life_events,Yes,"RQ1,RQ3,RQ4",missing=0.0%; unique=2; decision=keep (missing <= 15%),checked by variable-family design,medium,0.0,keep,missing <= 15%
SHOCKS_8,major_life_events,Yes,"RQ1,RQ3,RQ4",missing=0.0%; unique=2; decision=keep (missing <= 15%),checked by variable-family design,medium,0.0,keep,missing <= 15%
SHOCKS_9,major_life_events,Yes,"RQ1,RQ3,RQ4",missing=0.0%; unique=2; decision=keep (missing <= 15%),checked by variable-family design,medium,0.0,keep,missing <= 15%
SHOCKS_10,major_life_events,Yes,"RQ1,RQ3,RQ4",missing=0.0%; unique=2; decision=keep (missing <= 15%),checked by variable-family design,medium,0.0,keep,missing <= 15%
SHOCKS_11,major_life_events,Yes,"RQ1,RQ3,RQ4",missing=0.0%; unique=2; decision=keep (missing <= 15%),checked by variable-family design,medium,0.0,keep,missing <= 15%
PAREDUC,family_social_background,Yes,"RQ3,RQ4",missing=0.77%; unique=5; decision=keep (missing <= 15%),checked by variable-family design,medium,0.77,keep,missing <= 15%
FINSOC2_1,family_social_background,Yes,"RQ3,RQ4",missing=0.33%; unique=2; decision=keep (missing <= 15%),checked by variable-family design,medium,0.33,keep,missing <= 15%
FINSOC2_2,family_social_background,Yes,"RQ3,RQ4",missing=0.3%; unique=2; decision=keep (missing <= 15%),checked by variable-family design,medium,0.3,keep,missing <= 15%
FINSOC2_3,family_social_background,Yes,"RQ3,RQ4",missing=0.34%; unique=2; decision=keep (missing <= 15%),checked by variable-family design,medium,0.34,keep,missing <= 15%
FINSOC2_4,family_social_background,Yes,"RQ3,RQ4",missing=0.3%; unique=2; decision=keep (missing <= 15%),checked by variable-family design,medium,0.3,keep,missing <= 15%
FINSOC2_5,family_social_background,Yes,"RQ3,RQ4",missing=0.33%; unique=2; decision=keep (missing <= 15%),checked by variable-family design,medium,0.33,keep,missing <= 15%
FINSOC2_6,family_social_background,Yes,"RQ3,RQ4",missing=0.34%; unique=2; decision=keep (missing <= 15%),checked by variable-family design,medium,0.34,keep,missing <= 15%
FINSOC2_7,family_social_background,Yes,"RQ3,RQ4",missing=0.34%; unique=2; decision=keep (missing <= 15%),checked by variable-family design,medium,0.34,keep,missing <= 15%
EARNERS,family_social_background,Yes,"RQ3,RQ4",missing=1.22%; unique=3; decision=keep (missing <= 15%),checked by variable-family design,medium,1.22,keep,missing <= 15%
PPHHSIZE,family_social_background,Yes,"RQ3,RQ4",missing=0.0%; unique=5; decision=keep (missing <= 15%),checked by variable-family design,medium,0.0,keep,missing <= 15%
LIVINGARRANGEMENT,family_social_background,Yes,"RQ3,RQ4",missing=0.48%; unique=5; decision=keep (missing <= 15%),checked by variable-family design,medium,0.48,keep,missing <= 15%
MATERIALISM_1,psychological_values,Yes,"RQ1,RQ2,RQ3,RQ4",missing=2.71%; unique=5; decision=keep (missing <= 15%),checked by variable-family design,high,2.71,keep,missing <= 15%
MATERIALISM_2,psychological_values,Yes,"RQ1,RQ2,RQ3,RQ4",missing=2.6%; unique=5; decision=keep (missing <= 15%),checked by variable-family design,high,2.6,keep,missing <= 15%
MATERIALISM_3,psychological_values,Yes,"RQ1,RQ2,RQ3,RQ4",missing=2.69%; unique=5; decision=keep (missing <= 15%),checked by variable-family design,high,2.69,keep,missing <= 15%
CONNECT,psychological_values,Yes,"RQ1,RQ2,RQ3,RQ4",missing=7.44%; unique=72; decision=keep (missing <= 15%),checked by variable-family design,high,7.44,keep,missing <= 15%
OUTLOOK_1,psychological_values,Yes,"RQ1,RQ2,RQ3,RQ4",missing=1.24%; unique=5; decision=keep (missing <= 15%),checked by variable-family design,high,1.24,keep,missing <= 15%
OUTLOOK_2,psychological_values,Yes,"RQ1,RQ2,RQ3,RQ4",missing=1.3%; unique=5; decision=keep (missing <= 15%),checked by variable-family design,high,1.3,keep,missing <= 15%
agecat,demographic_knowledge_controls,Yes,"RQ1,RQ3,RQ4",missing=0.0%; unique=8; decision=keep (missing <= 15%),checked by variable-family design,high,0.0,keep,missing <= 15%
PPINCIMP,demographic_knowledge_controls,Yes,"RQ1,RQ3,RQ4",missing=0.0%; unique=9; decision=keep (missing <= 15%),checked by variable-family design,high,0.0,keep,missing <= 15%
PPEDUC,demographic_knowledge_controls,Yes,"RQ1,RQ3,RQ4",missing=0.0%; unique=5; decision=keep (missing <= 15%),checked by variable-family design,high,0.0,keep,missing <= 15%
EMPLOY,demographic_knowledge_controls,Yes,"RQ1,RQ3,RQ4",missing=1.81%; unique=8; decision=keep (missing <= 15%),checked by variable-family design,high,1.81,keep,missing <= 15%
PPGENDER,demographic_knowledge_controls,Yes,"RQ1,RQ3,RQ4",missing=0.0%; unique=2; decision=keep (missing <= 15%),checked by variable-family design,high,0.0,keep,missing <= 15%
PPETHM,demographic_knowledge_controls,Yes,"RQ1,RQ3,RQ4",missing=0.0%; unique=4; decision=keep (missing <= 15%),checked by variable-family design,high,0.0,keep,missing <= 15%
LMscore,demographic_knowledge_controls,Yes,"RQ1,RQ3,RQ4",missing=0.0%; unique=4; decision=keep (missing <= 15%),checked by variable-family design,high,0.0,keep,missing <= 15%
KHscore,demographic_knowledge_controls,Yes,"RQ1,RQ3,RQ4",missing=0.0%; unique=11; decision=keep (missing <= 15%),checked by variable-family design,high,0.0,keep,missing <= 15%
FSscore,demographic_knowledge_controls,Yes,"RQ1,RQ3,RQ4",missing=0.13%; unique=76; decision=keep (missing <= 15%),checked by variable-family design,high,0.13,keep,missing <= 15%
finalwt,demographic_knowledge_controls,Yes,"RQ1,RQ3,RQ4",missing=0.0%; unique=3120; decision=keep (missing <= 15%),checked by variable-family design,high,0.0,keep,missing <= 15%
